Frame,Total Movement
0,1.640035606292357
1,1.265976058853256
2,1.6311681062272452
